,temperature,precipitation,wind_speed,humidity
temperature,1.0,0.11800809276278441,0.17405025117071696,-0.3311095109857418
precipitation,0.11800809276278441,1.0,-0.09708704389710418,0.32927211779529764
wind_speed,0.17405025117071696,-0.09708704389710418,1.0,-0.1397625139120918
humidity,-0.3311095109857418,0.32927211779529764,-0.1397625139120918,1.0
